email,credit_card,pancard,aadhar
xxxx@shinystat.com,XXXXXXXXXXXX4863,PAN_A93361D0F4,9056XXXX5227
xxxx@wiley.com,XXXXXXXXXXXX7136,PAN_B5A81C9B70,2295XXXX5125
xxxx@unesco.org,XXXXXXXXXXXX1231,PAN_0170A50820,3464XXXX4320
xxxx@simplemachines.org,XXXXXXXXXXXX3005,PAN_C68FD3DB4F,2973XXXX5675
xxxx@delicious.com,XXXXXXXXXX6971,PAN_D6BCDA83E1,2357XXXX9100
xxxx@house.gov,XXXXXXXXXXXX7408,PAN_03BE025158,2657XXXX9083
xxxx@soundcloud.com,XXXXXXXXXXXX1940,PAN_57139F258A,8775XXXX1080
xxxx@wired.com,XXXXXXXXXXXX6285,PAN_69A8F7C11F,37877568680
xxxx@last.fm,XXXXXXXXXXXX1164,PAN_8FF2963BC8,5658XXXX1914
xxxx@pcworld.com,XXXXXXXXXXXX1967,PAN_BF364426DB,8380XXXX9968
